{"0": [7.008410816294703, -8.299751291143037], "1": [-35.56264601112609, -23.060901315193682], "2": [-17.315382042489745, -31.282249107751003], "3": [3.0859625368357295, 8.31724682112656], "4": [3.7561851314554002, -1.240289497581662], "5": [24.40596961529578, 27.56700816672562], "6": [-3.782896916600425, 12.157054146067809], "7": [6.322933442102894, 34.91503223479242], "8": [-25.836909176016114, 0.13394262237322951], "9": [-29.590599462626678, 8.874087270354561], "10": [31.804980989880665, 43.47805800961019], "11": [-50.24937910560445, -0.4399873941090392], "12": [48.23815474101221, -9.047000018214845], "13": [-29.07704260380488, -42.060112683461966], "14": [-35.35564532023059, -13.602720507683753], "15": [30.889292197276895, -9.307584326413657], "16": [19.374731248588706, -31.493385359744124], "17": [8.582077007634663, -26.64589737366327], "18": [-10.953526533735303, -17.686736110292674], "19": [26.907623773384454, 12.708477300674527], "20": [-16.401629965181815, 23.476062083463546], "21": [-13.991829674510535, -28.16182767529253], "22": [-43.347204213256944, -14.55797935899745], "23": [-3.128767217633527, -24.96758104693963], "24": [50.24937710560445, -4.398265361515783], "25": [-25.85999951118171, -22.915989460054305], "26": [6.8953370724687355, 40.422411887534366], "27": [5.503221918120429, 28.800562105447003], "28": [-47.08197004553432, -4.6272359222599935], "29": [-17.590522588655304, -23.464708284874206], "30": [-3.653321521891325, 1.1765232466007096], "31": [-13.472728483476615, -8.163954334684465], "32": [-33.65874007817705, -7.821562449896789], "33": [-1.017742733557367, -8.043027488744826], "34": [-22.30380819652975, -17.914651542692898], "35": [-43.51340760892438, -0.399706172314366], "36": [-25.585870527716242, -35.80920035023154], "37": [1.0296882448034976, -35.895345669339726], "38": [13.854449662355625, -13.307707225982057], "39": [40.033284305908104, -22.653964290010226], "40": [36.01020977270382, -19.259386156013427], "41": [20.548594881127674, -1.903372078151608], "42": [-20.48624601884056, -9.956997515653912], "43": [-32.05089451887116, 17.331536866345363], "44": [0.3663309039583926, -29.29354632521047], "45": [13.568416935428179, -28.31635947509024], "46": [42.656632882364235, -16.156330181925817], "47": [17.594770725923293, 12.215694611805477], "48": [-30.914736552700003, -11.135170725860226], "49": [26.895966169122172, -12.064958963100874], "50": [-19.761448267223095, -41.18039904879781], "51": [30.6517971563081, 32.04473875951947], "52": [-12.125822997956949, 29.393121056234442], "53": [4.76221734332067, -14.020735864783576], "54": [-24.098005361111024, -29.540247189639793], "55": [11.574800807935413, 43.94439594708018], "56": [12.128845863559626, 14.095440014700435], "57": [-1.682767236221144, -14.023877648301733], "58": [22.929109328533066, 21.456879376547995], "59": [7.465112480618289, 2.678188965096518], "60": [-24.04849253241914, -42.11643185377107], "61": [10.116622651936007, 8.645557665120295], "62": [-7.167892549671459, 6.395353263038344], "63": [25.858385053585206, 32.544022214780234], "64": [-28.907247593435468, -16.45364506761556], "65": [29.95137420461443, 9.435607559165218], "66": [35.00279214875101, -14.863706085326449], "67": [37.97130230405685, -29.901897345037977], "68": [-10.094762634757455, 10.084049773253678], "69": [-13.157099893281899, 2.773248165009811], "70": [4.329897096359582, 21.98885859801322], "71": [-29.948761252961233, -4.930101741434034], "72": [15.948146814281346, -7.282049872351297], "73": [-17.72792513263709, -1.6032275501054711], "74": [20.588067245512818, 17.26219551220489], "75": [11.563010765348263, -23.281713325391674], "76": [22.069577128259606, -25.951733779632033], "77": [1.676535637370552, 16.695688120952212], "78": [6.855232517250557, 13.69422296907777], "79": [-13.153324118358002, -3.2561121292040935], "80": [-7.53702984242423, 17.05556262215376], "81": [-3.3205322785284968, 22.17705232111143], "82": [33.253866364843034, -28.03802459099377], "83": [9.621395476831779, -2.7666982059168657], "84": [-0.12991936682819993, 25.807384497140454], "85": [23.201103510790123, 5.091369980140759], "86": [14.939497218348682, 0.8340889307964299], "87": [-8.91911395695215, -1.0858509647525998], "88": [-30.552696939286562, -29.552777208485985], "89": [-31.317639825786753, -35.217996428497806], "90": [40.289320376056196, -6.496474997317188], "91": [28.976274825609163, 38.65237444388279], "92": [10.183875682949727, -16.604385500130782], "93": [3.676221110871401, 43.9174454863773], "94": [-6.586193472782606, -8.757747630319393], "95": [-12.50513546529126, 14.295548244412394], "96": [38.35215356160391, -11.729428572266215], "97": [-10.5372073911264, 23.62376219024423], "98": [10.027377366941051, 24.240578877052865], "99": [-10.459996133507472, -25.689988217701853], "100": [-26.70018204001419, -13.230907517422894]}